vilcode11,village,taluk,parcels,farmers,extent_ha,irrigated_pct,village_area_ha,lat,lon
618327,Krishnapura,Hunsur,6,6,9.1,33,575,12.3954,76.4178
618443,Shiriyurunala,Hunsur,1,1,0.7,0,443,12.3974,76.4392
618585,Adaguru,Krishnarajanagara,13,11,23.3,8,1313,12.5188,76.429
618650,Aichanahalli,Krishnarajanagara,2,1,1.1,0,319,12.4198,76.2759
618680,Arakere,Krishnarajanagara,68,54,61.3,21,339,12.4118,76.3972
618587,Arjunahalli,Krishnarajanagara,2,2,2.4,100,451,12.5392,76.3787
618669,Bannikuppe,Krishnarajanagara,22,22,35.1,91,304,12.4462,76.4469
618682,Basavapatna,Krishnarajanagara,12,12,23.3,58,177,12.4027,76.4198
618590,Beeranahalli,Krishnarajanagara,18,15,17.5,0,76,12.514,76.3524
618644,Biranahalli,Krishnarajanagara,11,8,8.5,82,204,12.4551,76.3601
618579,Bommenahalli,Krishnarajanagara,1,1,0.7,100,281,12.5436,76.3696
618632,Byadarahalli Hanta,Krishnarajanagara,7,6,11.3,43,658,12.491,76.3425
618658,Chamalapura,Krishnarajanagara,2,2,3.0,100,272,12.4678,76.4218
618678,Chaukahalli,Krishnarajanagara,4,3,9.2,25,99,12.4282,76.3941
618677,Chaukahalli,Krishnarajanagara,61,44,37.9,8,259,12.4141,76.3986
618591,Chenga,Krishnarajanagara,6,5,2.9,0,101,12.5129,76.3492
618582,Chikkayaddara Gudi,Krishnarajanagara,3,2,3.0,33,271,12.5374,76.3627
618643,Chiranahalli,Krishnarajanagara,17,16,9.4,0,252,12.4602,76.379
618655,Degganahalli,Krishnarajanagara,9,9,12.7,0,302,12.52,76.4232
618578,Doddavaddaragudi,Krishnarajanagara,15,12,17.7,53,184,12.5523,76.3871
618681,Dornahalli,Krishnarajanagara,10,9,8.2,0,275,12.4075,76.4033
618581,Gandhanahalli,Krishnarajanagara,20,15,14.0,0,599,12.5133,76.3549
618662,Gorgundi,Krishnarajanagara,2,2,1.3,0,219,12.4655,76.4112
618592,Hampapura,Krishnarajanagara,108,75,79.7,0,568,12.4917,76.399
618683,Hangara  Boyinahalli,Krishnarajanagara,69,37,52.3,26,114,12.4042,76.4319
618684,Hangara  Boyinahalli,Krishnarajanagara,6,5,9.5,50,84,12.3985,76.4366
618576,Harumballi,Krishnarajanagara,122,78,89.0,90,336,12.5688,76.3733
618575,Hosa Agrahara,Krishnarajanagara,18,16,15.0,39,460,12.5607,76.3675
618676,Hosahalli,Krishnarajanagara,478,295,308.3,1,419,12.4148,76.4358
618661,Kaggere,Krishnarajanagara,23,21,20.1,48,386,12.4664,76.4161
618638,Kalahalli,Krishnarajanagara,15,13,12.9,27,585,12.4669,76.3574
618639,Kalahalli Kaval,Krishnarajanagara,2,2,7.0,50,40,12.4656,76.3592
618667,Kamenahalli,Krishnarajanagara,1,1,2.1,0,331,12.4357,76.4231
618583,Kanchinakere,Krishnarajanagara,41,13,23.7,83,287,12.5422,76.3797
618627,Kanchu Gara Koppalu,Krishnarajanagara,35,35,40.5,49,77,12.4698,76.3154
803193,Kantenahalli,Krishnarajanagara,14,9,16.5,14,347,12.4481,76.3805
618664,Katanalu,Krishnarajanagara,103,82,92.3,2,130,12.454,76.3858
618641,Katanalu,Krishnarajanagara,65,50,52.1,2,549,12.4587,76.3899
618626,Kesturu,Krishnarajanagara,9,9,12.3,11,1281,12.4692,76.3125
618633,Koppadi Hanta,Krishnarajanagara,32,24,51.6,9,346,12.4991,76.348
618674,Lalamdevanahalli,Krishnarajanagara,49,41,58.7,4,161,12.4308,76.4279
618645,Madavanahalli,Krishnarajanagara,24,19,24.4,0,336,12.452,76.3782
618628,Malali,Krishnarajanagara,20,19,22.1,0,541,12.4502,76.2939
618588,Manchinahalli,Krishnarajanagara,38,29,21.8,3,758,12.4896,76.4061
618651,Maragaudanahalli,Krishnarajanagara,2,2,3.1,100,375,12.4231,76.317
618652,Maragaudanahalli,Krishnarajanagara,5,5,5.7,60,290,12.4175,76.3052
618584,Maragaudanahalli,Krishnarajanagara,1,1,9.0,0,254,12.5556,76.4089
618672,Marchahalli,Krishnarajanagara,49,29,33.5,22,377,12.4258,76.4347
618631,Mavathur Hanta,Krishnarajanagara,6,5,1.7,50,295,12.4959,76.317
618665,Mudala Koppalu,Krishnarajanagara,4,4,5.9,0,220,12.4644,76.3965
939285,Ramanahalli,Krishnarajanagara,30,23,23.6,80,295,12.4382,76.4465
618670,Ramanahalli,Krishnarajanagara,17,17,33.1,0,649,12.4601,76.459
618593,Sanyasipura,Krishnarajanagara,25,23,27.5,0,234,12.4842,76.4026
618668,Satigrama,Krishnarajanagara,3,1,5.8,33,344,12.4337,76.4301
618647,Siddapura,Krishnarajanagara,9,9,6.6,0,511,12.4487,76.3187
618660,Southana Halli,Krishnarajanagara,2,1,1.5,100,274,12.4557,76.4425
618617,Srirampura,Krishnarajanagara,124,81,93.9,59,457,12.4919,76.3051
618657,Thippur,Krishnarajanagara,30,15,14.7,97,675,12.4863,76.4304
618727,Kesare,Mysuru,5,5,1.5,60,896,12.3719,76.6815
618826,Kuragalli,Mysuru,1,1,0.1,100,714,12.364,76.5908
618272,Abburu,Piriyapatna,5,5,11.0,0,264,12.3187,76.1165
618238,Alanahalli,Piriyapatna,14,12,9.5,7,368,12.3852,76.0168
618107,Amabalare,Piriyapatna,11,10,13.1,9,368,12.5052,76.0285
618270,Ankanahalli,Piriyapatna,40,34,52.2,72,451,12.3198,76.0889
618197,Arenahalli,Piriyapatna,44,42,78.4,39,408,12.417,76.1748
618160,Attigodu,Piriyapatna,19,9,51.0,0,493,12.4922,76.1523
618247,Ayarubidu,Piriyapatna,63,45,54.5,43,516,12.3491,75.9927
618207,Ayichanahalli,Piriyapatna,5,4,14.7,40,677,12.4142,76.125
618276,Ayichanahalli,Piriyapatna,1,1,3.6,0,271,12.3098,76.0965
618234,Basalapura,Piriyapatna,5,3,11.2,20,318,12.349,76.1406
618192,Bavalalu,Piriyapatna,2,2,7.3,0,180,12.448,76.2024
618264,Beguru,Piriyapatna,10,10,15.2,20,211,12.3202,76.0464
618179,Bekre,Piriyapatna,2,2,3.4,100,307,12.4299,76.0764
618250,Belatturu,Piriyapatna,22,14,46.3,0,317,12.3482,76.0449
618248,Bemmathi,Piriyapatna,7,6,9.2,43,260,12.3535,75.999
618171,Bettadpur,Piriyapatna,7,7,9.2,57,926,12.4756,76.0906
618198,Bhoganahalli,Piriyapatna,2,2,4.0,50,207,12.4167,76.1974
618132,Bylakuppe,Piriyapatna,4,4,8.5,100,244,12.4305,75.9907
618094,Chamarayanakote,Piriyapatna,4,4,4.9,0,527,12.5511,76.0054
618109,Chapparadahalli,Piriyapatna,1,1,1.5,0,333,12.5143,76.0631
618253,Chennenahalli,Piriyapatna,24,13,20.7,4,428,12.3378,76.0655
618114,Chikka Nerale,Piriyapatna,29,23,33.0,31,164,12.4848,76.0475
618168,Chikkamalli,Piriyapatna,69,22,39.8,20,226,12.4733,76.1507
618251,Chiranahalli,Piriyapatna,5,5,9.2,0,310,12.3496,76.0598
618122,Dindagadu,Piriyapatna,47,40,44.5,98,438,12.4797,75.9672
618212,Dodda Bellalu,Piriyapatna,5,5,6.2,0,662,12.3897,76.1609
618116,Dodda Nerale,Piriyapatna,18,13,23.8,61,496,12.4787,76.0441
618230,Dodda Vaddara Kere,Piriyapatna,4,4,10.6,100,83,12.3622,76.1194
618206,Dorekere,Piriyapatna,3,3,3.7,67,421,12.3967,76.1625
618129,Girgur,Piriyapatna,2,2,10.7,100,433,12.4385,75.9537
618152,Gorahalli,Piriyapatna,9,9,7.9,0,740,12.4888,76.0891
618131,Guddenahalli,Piriyapatna,8,8,1.2,100,184,12.4256,75.9776
618269,Habaturu,Piriyapatna,47,36,53.6,87,634,12.3073,76.0777
618249,Hailapura,Piriyapatna,1,1,1.3,0,189,12.3581,76.0108
618150,Halaganahalli,Piriyapatna,2,2,1.0,0,342,12.5303,76.0868
618153,Haraduru,Piriyapatna,7,6,15.2,0,511,12.4875,76.1098
618274,Harilapura,Piriyapatna,129,104,109.6,2,356,12.3243,76.1329
618156,Harinahalli,Piriyapatna,24,2,80.9,100,165,12.5147,76.1412
618217,Hasavalu,Piriyapatna,16,13,28.4,0,335,12.3665,76.127
618097,Heiathur,Piriyapatna,3,3,7.7,0,118,12.5491,76.0212
618227,Hemmige,Piriyapatna,13,9,24.7,62,325,12.3705,76.0841
618167,Hiremalli,Piriyapatna,7,6,16.7,86,328,12.4639,76.1564
618219,Hitna Hebbagilu,Piriyapatna,12,6,12.5,8,406,12.3883,76.1164
618191,Honnenahalli,Piriyapatna,10,9,13.3,80,439,12.4505,76.184
618201,Hosahalli,Piriyapatna,16,16,17.2,6,570,12.4123,76.1915
618091,Hosahalli,Piriyapatna,1,1,2.4,0,99,12.5744,76.0419
618275,Hunasekuppe,Piriyapatna,1,1,3.6,100,293,12.3138,76.111
618242,Hunsavadi,Piriyapatna,10,9,13.0,100,484,12.3706,76.031
618184,Ichuru,Piriyapatna,6,3,14.6,100,248,12.4291,76.0949
618213,Javanikuppe,Piriyapatna,19,16,40.6,89,246,12.3585,76.1771
618177,Joganahalli,Piriyapatna,23,19,64.3,78,497,12.4525,76.0721
618229,Kaggundi,Piriyapatna,24,15,20.6,12,423,12.3742,76.1182
618144,Kailaspur,Piriyapatna,13,6,38.0,0,308,12.414,75.9772
618205,Kallukere,Piriyapatna,12,10,30.6,0,624,12.3833,76.1796
618096,Kambipura,Piriyapatna,1,1,0.8,100,221,12.5286,76.026
618235,Kampalapura,Piriyapatna,17,15,16.5,12,1011,12.3223,76.1756
618093,Kanagalu,Piriyapatna,1,1,6.6,100,392,12.5605,76.0336
618225,Kandagal,Piriyapatna,8,7,16.3,50,388,12.3768,76.0534
618260,Kantapura,Piriyapatna,37,24,68.9,76,158,12.3359,76.0735
618180,Kanuru,Piriyapatna,1,1,7.4,100,457,12.414,76.0633
618233,Kiranahalli,Piriyapatna,1,1,0.8,0,434,12.3576,76.1293
618163,Kittur,Piriyapatna,39,24,67.7,44,869,12.4954,76.205
618228,Kodahalli,Piriyapatna,1,1,4.3,100,136,12.3518,76.087
618199,Kodihalli,Piriyapatna,1,1,2.4,100,262,12.4325,76.2014
618176,Konasuru,Piriyapatna,3,2,26.5,33,694,12.4435,76.0562
618128,Koppa,Piriyapatna,4,1,7.1,100,232,12.4449,75.9724
618166,Kottavalli,Piriyapatna,17,14,15.1,6,933,12.474,76.1763
618186,Kudukuru,Piriyapatna,12,9,13.5,17,611,12.4512,76.1399
618178,Kurgal,Piriyapatna,7,4,10.4,71,289,12.4355,76.0861
618172,Kurgal,Piriyapatna,14,9,44.9,0,418,12.4466,76.0973
618279,Lingapura,Piriyapatna,30,20,15.0,53,3451,12.2716,76.0485
618204,M Settihalli,Piriyapatna,6,6,5.2,0,504,12.3848,76.214
618259,Magali,Piriyapatna,9,8,9.9,0,203,12.3354,76.0615
618214,Makanahalli,Piriyapatna,4,4,8.4,100,293,12.3538,76.1587
618202,Makodu,Piriyapatna,55,46,71.8,29,1059,12.3969,76.2074
618203,Malaganakere,Piriyapatna,9,9,12.1,0,383,12.3728,76.2267
618281,Malangi,Piriyapatna,1,1,2.0,100,512,12.2877,76.1028
618261,Mallarajpatna,Piriyapatna,10,9,18.6,0,268,12.3543,76.0936
618241,Mallinathapura,Piriyapatna,10,9,16.9,0,274,12.3668,76.0527
618239,Manchadevanahalli,Piriyapatna,1,1,8.9,100,585,12.399,76.0131
618127,Mandiyur,Piriyapatna,1,1,2.6,100,290,12.4447,75.9911
618162,Maraduru,Piriyapatna,134,101,125.7,1,553,12.4949,76.1825
618136,Megala Hosahalli,Piriyapatna,1,1,2.3,100,368,12.4254,76.0483
618232,Melahalli,Piriyapatna,9,6,4.8,0,334,12.3548,76.1025
618161,Meluru,Piriyapatna,1,1,4.1,0,275,12.5074,76.1684
618277,Mummadikaval,Piriyapatna,9,9,11.3,44,389,12.3051,76.0844
618126,Mutt618126Aguru,Piriyapatna,1,1,3.5,100,545,12.456,76.0207
618258,Mutturu,Piriyapatna,25,17,34.9,56,793,12.3287,76.039
618158,Na,Piriyapatna,1,1,2.4,100,336,12.4964,76.1272
618187,Nandipura,Piriyapatna,6,6,4.1,83,529,12.4169,76.1425
618237,Navlur,Piriyapatna,1,1,2.1,100,682,12.3788,75.9923
618222,Neralakuppe,Piriyapatna,5,4,3.0,0,134,12.3964,76.063
618175,Niluvadi,Piriyapatna,3,3,6.9,100,530,12.4734,76.0152
803191,Piriyapatna Muncipality,Piriyapatna,12,10,24.2,8,408,12.338,76.1017
618262,Piriyapatna Muncipality,Piriyapatna,1,1,2.0,100,164,12.3467,76.0845
618139,Punadahalli,Piriyapatna,2,2,8.5,100,265,12.3998,76.0367
618102,Rajanabilaguli,Piriyapatna,2,2,3.0,100,626,12.542,76.0503
618211,Ramanatha Tunga,Piriyapatna,5,2,9.3,0,455,12.3951,76.1417
618224,Sanabinakuppe,Piriyapatna,1,1,1.5,0,123,12.3883,76.0551
618218,Sanyasipura,Piriyapatna,17,14,30.8,53,275,12.3782,76.1221
618285,Satyagala,Piriyapatna,9,9,18.9,67,498,12.3165,76.142
618284,Satyagala Kaval,Piriyapatna,4,4,9.1,50,405,12.301,76.1279
618106,Shanbhoganhalli,Piriyapatna,10,10,15.8,40,291,12.5197,75.9952
618266,Sulagodu,Piriyapatna,2,2,2.8,100,228,12.3137,76.0463
618095,Sulekote,Piriyapatna,6,6,9.7,83,385,12.5383,75.9893
618216,Sundavalu,Piriyapatna,1,1,2.6,0,284,12.3669,76.1405
618151,Suragahalli,Piriyapatna,1,1,4.1,0,525,12.5117,76.1064
618183,S|Geborekaval,Piriyapatna,1,1,4.1,100,321,12.4339,76.0933
618165,Tamadahalli,Piriyapatna,50,8,12.2,0,516,12.4739,76.1901
618221,Telaganakuppe,Piriyapatna,3,3,4.3,0,289,12.3936,76.0614
618263,Timkapura,Piriyapatna,10,8,13.7,50,321,12.3258,76.0732
618137,Tirumalapura,Piriyapatna,1,1,1.4,100,278,12.4328,76.0196
618169,Tunga,Piriyapatna,1,1,0.8,0,812,12.4673,76.1364
618538,Ankanahalli,Saligrama,3,3,5.6,0,228,12.6293,76.2692
618619,Ankanahalli,Saligrama,35,29,47.6,49,251,12.4907,76.2367
618564,Arakere,Saligrama,1,1,1.5,0,221,12.6239,76.3361
618548,Bachahalli,Saligrama,1,1,0.1,100,214,12.5798,76.3237
618570,Badiganahalli,Saligrama,9,9,9.7,44,217,12.5723,76.3397
618514,Bakkarchallada Kaval,Saligrama,51,27,33.2,8,261,12.5923,76.2294
618534,Balluru,Saligrama,85,63,78.3,69,752,12.5257,76.2516
618604,Bandahalli,Saligrama,36,21,14.9,86,147,12.5254,76.1911
618622,Benaganahalli,Saligrama,115,36,46.8,5,245,12.4699,76.2414
618537,Bevinahalli,Saligrama,84,59,56.4,88,119,12.5138,76.2856
618571,Bherya,Saligrama,139,97,101.3,34,408,12.5892,76.3476
618559,Bichanahalli,Saligrama,11,8,8.5,0,224,12.531,76.3405
618536,Bylapura,Saligrama,14,11,17.3,57,93,12.5202,76.2781
618624,Chibakanahalli,Saligrama,77,68,90.0,17,274,12.4469,76.2413
618531,Chikkanayakanahalli,Saligrama,17,13,15.0,94,598,12.5356,76.2575
618609,Dammanahalli,Saligrama,12,11,12.0,0,226,12.5192,76.2193
618614,Diddahalli,Saligrama,54,40,33.6,7,255,12.508,76.2654
618550,Elemuddanahalli,Saligrama,35,32,29.9,3,318,12.5741,76.3103
618521,Gayanahalli,Saligrama,8,6,8.6,50,247,12.5588,76.2116
618568,Geradada,Saligrama,9,8,20.9,33,213,12.605,76.3323
618620,Gudaganahalli,Saligrama,8,8,12.7,12,444,12.4833,76.2416
618561,Guluvina Attguppe,Saligrama,8,8,5.4,100,520,12.6419,76.3303
618523,Gummanahalli,Saligrama,6,5,7.8,0,139,12.5496,76.2218
618611,Hadya,Saligrama,49,45,61.2,84,224,12.5101,76.2537
618610,Hadya,Saligrama,4,4,4.1,0,259,12.5075,76.2315
618554,Hale Mirle,Saligrama,79,37,42.5,0,178,12.5555,76.3149
618553,Hale Mirle,Saligrama,96,65,62.7,0,141,12.5584,76.328
618552,Hanumanahalli,Saligrama,8,4,4.8,12,382,12.5508,76.3304
618513,Haradanahalli,Saligrama,72,53,79.6,53,610,12.5817,76.2141
618519,Hebsuru,Saligrama,4,4,4.8,100,440,12.5714,76.2062
618629,Hosakote,Saligrama,3,3,3.5,0,652,12.443,76.2408
618615,Hosuru,Saligrama,9,8,2.8,44,353,12.5157,76.2767
618597,Hulle Hosuru,Saligrama,3,3,3.5,0,279,12.5554,76.1533
618606,Kaggala,Saligrama,2,2,1.6,100,225,12.5164,76.2245
618607,Kaggala,Saligrama,36,28,41.5,11,57,12.5274,76.2202
618516,Karpuravalli,Saligrama,7,7,9.5,0,472,12.5778,76.268
618642,Katnalu,Saligrama,42,27,33.8,2,273,12.5898,76.2756
618532,Kedaga,Saligrama,30,20,14.3,0,248,12.5463,76.2294
618551,Kodiyala,Saligrama,188,120,128.7,37,423,12.5674,76.3315
618605,Koluru,Saligrama,223,109,98.0,95,113,12.5261,76.1991
618616,Koppe Hanta,Saligrama,5,5,11.0,0,214,12.4974,76.3048
618542,Kuchana Halli,Saligrama,3,3,7.1,67,118,12.6044,76.3031
618539,Kuppahalli,Saligrama,38,30,22.5,0,198,12.6235,76.2994
618625,Kuppe,Saligrama,2,2,2.2,50,1293,12.4818,76.2872
618518,Lakkikuppe,Saligrama,278,189,177.4,44,448,12.5643,76.2176
618507,Maluganahalli,Saligrama,3,3,3.3,0,560,12.6156,76.2047
618573,Mandiganahalli,Saligrama,117,92,103.3,3,249,12.582,76.3695
618533,Mavanuru,Saligrama,49,40,45.3,4,250,12.5354,76.2128
618613,Mayigowdanahalli,Saligrama,22,11,13.6,5,390,12.5037,76.2491
618546,Melur,Saligrama,10,10,18.5,20,596,12.5921,76.2962
618558,Mirle,Saligrama,211,165,254.8,9,1570,12.5339,76.3267
618540,Mudiguppe,Saligrama,1,1,1.2,0,133,12.6209,76.3072
618527,Mudlabidu,Saligrama,64,55,58.9,55,195,12.5692,76.2762
618565,Munjana Halli,Saligrama,27,23,23.1,4,152,12.6094,76.3369
618608,Nadappanahalli,Saligrama,86,58,54.0,38,441,12.5164,76.2028
618555,Natanahalli,Saligrama,5,4,7.7,0,176,12.5576,76.311
618630,Nijaganahalli,Saligrama,125,77,69.8,87,252,12.4242,76.267
618522,Pasupati,Saligrama,2,2,1.1,50,329,12.5424,76.206
618526,Ramapura,Saligrama,6,6,8.3,0,179,12.5724,76.2574
618612,Sakkare,Saligrama,1,1,1.3,0,126,12.5136,76.2477
618530,Saligrama,Saligrama,248,176,206.1,90,1079,12.5572,76.2707
618556,Shyabal,Saligrama,136,112,123.8,0,294,12.5387,76.2945
618512,Sigavalu,Saligrama,5,3,7.0,20,688,12.6006,76.2311
618621,Somanahalli,Saligrama,13,11,8.5,85,261,12.4719,76.2303
618574,Suggana Halli,Saligrama,233,155,142.6,2,220,12.5776,76.3553
618599,Tandere,Saligrama,85,49,50.1,73,580,12.5219,76.2117
618543,Tandre,Saligrama,245,150,115.4,0,605,12.6057,76.2744
618515,Tandre,Saligrama,6,4,3.9,0,154,12.5923,76.258
618567,Valagere Halli,Saligrama,3,3,1.8,0,84,12.5989,76.3448
618525,Yaladahalli,Saligrama,1,1,0.6,100,160,12.571,76.2511
618601,Yaremanuganahalli,Saligrama,2,2,6.7,100,336,12.5177,76.1432
619320,Ankanahalli,Tirumakudal - Narsipur,8,8,3.7,100,290,12.3821,76.9212
619326,Aravattige Koppal,Tirumakudal - Narsipur,1,1,2.2,100,698,12.3744,76.8289
619334,Attahalli,Tirumakudal - Narsipur,3,3,3.6,100,140,12.323,76.8788
619401,Bannahalli,Tirumakudal - Narsipur,14,7,24.0,79,242,12.1772,76.8697
619331,Basavanahalli,Tirumakudal - Narsipur,3,2,3.2,100,303,12.3416,76.8955
619336,Bettahalli,Tirumakudal - Narsipur,6,6,12.7,100,475,12.3241,76.891
619425,Bettahalli,Tirumakudal - Narsipur,3,3,3.6,67,949,12.2209,77.0481
619340,Bevinahalli,Tirumakudal - Narsipur,19,10,26.5,95,470,12.3009,76.8743
619354,Budahalli,Tirumakudal - Narsipur,7,5,7.4,100,335,12.2919,76.9427
619406,Chavhalli,Tirumakudal - Narsipur,1,1,0.9,100,373,12.1936,76.9246
619355,Chidaravalli,Tirumakudal - Narsipur,103,78,132.0,83,413,12.2966,76.9495
619368,Chikkabuhalli,Tirumakudal - Narsipur,2,2,2.6,50,203,12.2401,76.9364
619342,Chimalli,Tirumakudal - Narsipur,1,1,2.2,100,609,12.3477,76.9586
619376,Dodda Abbagalu,Tirumakudal - Narsipur,25,20,38.9,100,840,12.2451,76.9772
619318,Dodda Malagudu,Tirumakudal - Narsipur,25,21,30.5,68,427,12.429,76.916
619434,Doddapura,Tirumakudal - Narsipur,1,1,5.1,100,940,12.1995,76.9931
619339,Ganigana Koppa,Tirumakudal - Narsipur,26,18,30.6,92,72,12.3087,76.873
619441,Gargesvari,Tirumakudal - Narsipur,15,15,26.1,87,177,12.2377,76.8964
619323,Hanumanalu,Tirumakudal - Narsipur,7,7,9.6,43,438,12.373,76.8748
619319,Heggur,Tirumakudal - Narsipur,10,10,9.4,100,848,12.3765,76.9243
619409,Hiriyuru,Tirumakudal - Narsipur,3,3,2.0,100,363,12.2074,76.9568
619383,Hittavalli,Tirumakudal - Narsipur,2,2,2.6,50,333,12.2854,76.8312
619429,Holesalu,Tirumakudal - Narsipur,1,1,7.0,0,1537,12.1991,77.1133
619367,Horlahalli,Tirumakudal - Narsipur,18,18,35.8,67,564,12.2552,76.9525
619433,Hosa Hemmige,Tirumakudal - Narsipur,5,4,11.1,100,976,12.2055,77.0095
619419,Hosahalli,Tirumakudal - Narsipur,2,2,10.3,0,432,12.1119,76.9362
619408,Hosapura,Tirumakudal - Narsipur,7,7,14.4,100,212,12.2001,76.9479
619392,Hoskote,Tirumakudal - Narsipur,22,20,29.7,100,484,12.2416,76.8497
619313,Hunasaganahalli,Tirumakudal - Narsipur,22,18,31.0,86,291,12.3989,76.862
619397,Hunsur,Tirumakudal - Narsipur,3,3,1.3,0,261,12.2166,76.8901
619414,Hyakanuru,Tirumakudal - Narsipur,1,1,2.3,100,504,12.1468,76.9005
619393,Induvalu,Tirumakudal - Narsipur,4,4,7.2,100,410,12.2385,76.8688
619440,Kaliyur,Tirumakudal - Narsipur,2,1,3.0,100,756,12.1519,77.0401
619347,Kallipur,Tirumakudal - Narsipur,28,20,31.1,14,548,12.299,76.926
619338,Kanchanahalli,Tirumakudal - Narsipur,7,7,3.8,86,132,12.3185,76.8728
619417,Kannahalli,Tirumakudal - Narsipur,52,42,55.8,75,948,12.146,76.9799
619375,Karagahalli,Tirumakudal - Narsipur,1,1,1.8,0,286,12.237,76.9683
619404,Ketahalli,Tirumakudal - Narsipur,12,11,18.8,50,546,12.1718,76.9038
619348,Ketupur,Tirumakudal - Narsipur,5,4,18.1,100,337,12.2906,76.887
619398,Kiragasuru,Tirumakudal - Narsipur,6,5,2.5,100,578,12.2125,76.8646
619358,Kolatur,Tirumakudal - Narsipur,26,20,30.8,96,431,12.2745,76.9771
619427,Koppal,Tirumakudal - Narsipur,8,5,4.9,100,212,12.2206,77.0851
619410,Kottagala,Tirumakudal - Narsipur,2,2,9.1,100,391,12.1783,76.9506
619369,Krishnarajapura Agrahara,Tirumakudal - Narsipur,6,6,7.1,83,105,12.2508,76.904
619399,Kudluru,Tirumakudal - Narsipur,5,4,3.2,20,365,12.2214,76.8562
619335,Kuntanahalli,Tirumakudal - Narsipur,1,1,0.9,100,183,12.3181,76.8811
619384,Kupya,Tirumakudal - Narsipur,25,21,30.1,100,666,12.282,76.8221
619411,Kuruburu,Tirumakudal - Narsipur,38,30,37.8,89,456,12.1556,76.9323
619420,Madapura,Tirumakudal - Narsipur,3,2,2.9,100,354,12.1981,76.9673
619325,Madigahalli,Tirumakudal - Narsipur,3,3,4.7,100,423,12.3545,76.8541
619416,Madrahalli,Tirumakudal - Narsipur,3,3,7.5,100,422,12.1531,76.9641
619428,Madvadi,Tirumakudal - Narsipur,11,9,27.6,100,499,12.2387,77.1123
619439,Malingi,Tirumakudal - Narsipur,2,2,5.9,50,736,12.1595,77.0148
619436,Mavinahalli,Tirumakudal - Narsipur,28,14,56.8,100,622,12.1794,77.0006
619426,Megadahalli,Tirumakudal - Narsipur,18,17,22.9,100,496,12.2191,77.0717
619317,Menasi Kyatanahalli,Tirumakudal - Narsipur,11,11,19.3,100,782,12.4138,76.9224
619402,Muddubiranahundi,Tirumakudal - Narsipur,6,5,4.7,17,932,12.2078,76.9186
619356,Mudukanapur,Tirumakudal - Narsipur,9,5,20.3,78,236,12.2911,76.9597
619418,Muguru,Tirumakudal - Narsipur,9,8,11.1,89,2267,12.1506,76.9326
619373,Muttalavadi,Tirumakudal - Narsipur,4,2,6.6,100,549,12.2212,76.9485
619388,Muttatti,Tirumakudal - Narsipur,4,4,4.4,50,453,12.2623,76.8728
619405,Na,Tirumakudal - Narsipur,13,13,27.8,62,1073,12.1611,76.91
619362,Nagala Gere,Tirumakudal - Narsipur,3,2,2.2,100,65,12.2766,76.9344
619330,Nanjapur,Tirumakudal - Narsipur,1,1,2.2,100,217,12.3504,76.9232
619366,Nargyathanahalli,Tirumakudal - Narsipur,41,31,56.1,100,359,12.2734,76.931
619407,Nelasoge,Tirumakudal - Narsipur,2,2,6.3,100,844,12.1976,76.9384
619394,Ramanathpuradahundi,Tirumakudal - Narsipur,8,6,6.8,88,147,12.2616,76.8786
619327,Rangasamudra,Tirumakudal - Narsipur,30,20,35.6,97,1807,12.3082,76.8575
803198,Rangasamudra,Tirumakudal - Narsipur,3,3,2.7,100,634,12.3448,76.8443
619387,Rangasamudra,Tirumakudal - Narsipur,48,38,60.3,73,126,12.2844,76.8635
619381,Rangasamudra,Tirumakudal - Narsipur,40,25,35.8,0,649,12.2933,76.8566
619337,Senapatihalli,Tirumakudal - Narsipur,61,37,81.9,100,415,12.3021,76.8599
619357,Sigodapura,Tirumakudal - Narsipur,23,20,20.5,100,164,12.2877,76.968
619312,Sihalli,Tirumakudal - Narsipur,24,17,35.7,58,789,12.3865,76.8411
619351,Somanathpur,Tirumakudal - Narsipur,9,9,17.5,100,901,12.2781,76.8754
619370,Sosale,Tirumakudal - Narsipur,28,24,32.5,96,653,12.2512,76.9031
619413,Sujjaluru,Tirumakudal - Narsipur,5,4,10.0,60,406,12.1675,76.878
619437,Talakad,Tirumakudal - Narsipur,22,15,35.9,45,1548,12.1927,77.0423
803199,Tirumakodal Narsipur Municipa*,Tirumakudal - Narsipur,5,5,14.0,60,83,12.2103,76.9063
619435,Tottavadi,Tirumakudal - Narsipur,10,8,22.4,100,648,12.1798,76.97
619386,Tumbala,Tirumakudal - Narsipur,27,20,41.3,78,582,12.2884,76.8545
619321,Turaganur,Tirumakudal - Narsipur,22,19,26.5,91,479,12.3837,76.9052
619353,Ukkalagere,Tirumakudal - Narsipur,49,37,42.8,76,796,12.2861,76.9043
619432,Vadiyandahalli,Tirumakudal - Narsipur,11,7,36.8,64,505,12.1995,77.0206
619412,Vatalu,Tirumakudal - Narsipur,7,6,12.3,100,933,12.1552,76.8944
619430,Vijapura,Tirumakudal - Narsipur,2,1,10.6,100,324,12.2047,77.0616
619431,Vijapura,Tirumakudal - Narsipur,28,23,22.7,79,208,12.1964,77.0448
619316,Yachenahalli,Tirumakudal - Narsipur,4,4,5.5,0,520,12.3972,76.8837
619395,Yadadore,Tirumakudal - Narsipur,16,14,21.3,94,519,12.227,76.9013
619403,Yaraganahalli,Tirumakudal - Narsipur,2,2,3.3,100,410,12.1842,76.8806
619322,Yedahalli,Tirumakudal - Narsipur,24,18,30.2,83,220,12.3687,76.8917
619329,Yedahalli,Tirumakudal - Narsipur,8,8,8.3,75,346,12.3554,76.887
